{
  "norm_stats": {
    "state": {
      "mean": [
        -0.22989481687545776,
        1.6276711225509644,
        1.2364753484725952,
        -0.5040873289108276,
        0.09093108028173447,
        -0.3701147437095642,
        0.3686228096485138,
        0.34677356481552124,
        1.6178137063980103,
        1.2450910806655884,
        -0.4625937044620514,
        -0.05983768403530121,
        0.3643990457057953,
        0.32665514945983887,
        0.0,
        0.0,
        0.0,
        0.0,
        0.0,
        0.0,
        0.0,
        0.0,
        0.0,
        0.0,
        0.0,
        0.0,
        0.0,
        0.0,
        0.0,
        0.0,
        0.0,
        0.0
      ],
      "std": [
        0.3143502175807953,
        0.4384809136390686,
        0.5026556253433228,
        0.33471056818962097,
        0.2937369644641876,
        0.5803306102752686,
        0.3464668393135071,
        0.3259104788303375,
        0.44148698449134827,
        0.4992125928401947,
        0.3099384009838104,
        0.293405145406723,
        0.5237675905227661,
        0.3225380778312683,
        0.0,
        0.0,
        0.0,
        0.0,
        0.0,
        0.0,
        0.0,
        0.0,
        0.0,
        0.0,
        0.0,
        0.0,
        0.0,
        0.0,
        0.0,
        0.0,
        0.0,
        0.0
      ],
      "q01": [
        -1.0848257042169571,
        0.6337748389165849,
        0.345797288303636,
        -1.2510696856975556,
        -0.6542698140144348,
        -1.4246508979797363,
        0.0015285709220916027,
        -0.39633019208908093,
        0.6439819950208068,
        0.34779582888782024,
        -1.154927480340004,
        -0.8314404342174531,
        -0.9696440807342528,
        0.00209820565758273,
        0.0,
        0.0,
        0.0,
        0.0,
        0.0,
        0.0,
        0.0,
        0.0,
        0.0,
        0.0,
        0.0,
        0.0,
        0.0,
        0.0,
        0.0,
        0.0,
        0.0,
        0.0
      ],
      "q99": [
        0.4860187640190121,
        2.5907861647363752,
        2.450279654841311,
        0.4309530392169951,
        0.8108392214775084,
        1.153805521059036,
        0.9972442854603751,
        1.193458978962898,
        2.6069016578644515,
        2.4870809092625974,
        0.3244438184499743,
        0.6914145863294601,
        1.2879656476020815,
        0.9980606474752538,
        0.0,
        0.0,
        0.0,
        0.0,
        0.0,
        0.0,
        0.0,
        0.0,
        0.0,
        0.0,
        0.0,
        0.0,
        0.0,
        0.0,
        0.0,
        0.0,
        0.0,
        0.0
      ]
    },
    "actions": {
      "mean": [
        -0.22832387685775757,
        1.615801215171814,
        1.2443467378616333,
        -0.501592755317688,
        0.08638470619916916,
        -0.3664482533931732,
        0.3619759678840637,
        0.3500242531299591,
        1.6049567461013794,
        1.2524935007095337,
        -0.4573332369327545,
        -0.05571875721216202,
        0.3637239336967468,
        0.3224491775035858,
        0.0,
        0.0,
        0.0,
        0.0,
        0.0,
        0.0,
        0.0,
        0.0,
        0.0,
        0.0,
        0.0,
        0.0,
        0.0,
        0.0,
        0.0,
        0.0,
        0.0,
        0.0
      ],
      "std": [
        0.31409984827041626,
        0.432725191116333,
        0.5055748820304871,
        0.3403306007385254,
        0.30136990547180176,
        0.5823079347610474,
        0.3533307909965515,
        0.32322147488594055,
        0.4362781345844269,
        0.5035055875778198,
        0.3169957399368286,
        0.30137112736701965,
        0.5267443060874939,
        0.32687094807624817,
        0.0,
        0.0,
        0.0,
        0.0,
        0.0,
        0.0,
        0.0,
        0.0,
        0.0,
        0.0,
        0.0,
        0.0,
        0.0,
        0.0,
        0.0,
        0.0,
        0.0,
        0.0
      ],
      "q01": [
        -1.0866901903152466,
        0.6361441925376654,
        0.3479551567554471,
        -1.262352271461487,
        -0.6803825776576995,
        -1.4264607695102691,
        0.0,
        -0.3824643459320072,
        0.6448000730514527,
        0.3489855384826661,
        -1.1671889889717102,
        -0.8416165653228758,
        -0.977405814266205,
        0.0,
        0.0,
        0.0,
        0.0,
        0.0,
        0.0,
        0.0,
        0.0,
        0.0,
        0.0,
        0.0,
        0.0,
        0.0,
        0.0,
        0.0,
        0.0,
        0.0,
        0.0,
        0.0
      ],
      "q99": [
        0.481379506111145,
        2.5765092157185077,
        2.4645962011337277,
        0.4308215562582016,
        0.8252431737899779,
        1.1606596259593962,
        0.9998,
        1.1966179790496825,
        2.5991940730810166,
        2.5130173077583313,
        0.3355999825477598,
        0.7243284407615662,
        1.3035199088096618,
        0.9998,
        0.0,
        0.0,
        0.0,
        0.0,
        0.0,
        0.0,
        0.0,
        0.0,
        0.0,
        0.0,
        0.0,
        0.0,
        0.0,
        0.0,
        0.0,
        0.0,
        0.0,
        0.0
      ]
    }
  }
}